{
  "ece_before": 0.21550000000000002,
  "ece_after": 0.21550000000000002,
  "n_samples": 20
}